title,genres,actors,directors,synopsis,rating
Lee Cronin's The Mummy,"Horror, Mystery","Jack Reynor, Laia Costa, May Calamawy",Lee Cronin,"The young daughter of a journalist disappears into the desert without a trace—eight years later, the broken family is shocked when she is returned to them, as what should be a joyful reunion turns into a living nightmare.",8.059
Tom Clancy's Jack Ryan: Ghost War,"Action, Thriller","John Krasinski, Wendell Pierce, Sienna Miller",Andrew Bernstein,"Jack Ryan is reluctantly pulled back into espionage when an international covert mission unravels a deadly conspiracy. Racing against time, he joins CIA allies Mike November & James Greer and sharp MI6 officer Emma Marlowe to battle a rogue black-ops unit in a high-stakes, deeply personal fight.",7.2
The Punisher: One Last Kill,"Action, Drama, Crime","Jon Bernthal, Deborah Ann Woll, Jason R. Moore",Reinaldo Marcus Green,"As Frank Castle searches for meaning beyond revenge, an unexpected force pulls him back into the fight.",8.394
Obsession,Horror,"Michael Johnston, Inde Navarrette, Cooper Tomlinson",Curry Barker,"After breaking the mysterious ""One Wish Willow"" to win his crush's heart, a hopeless romantic finds himself getting exactly what he asked for but soon discovers that some desires come at a dark, sinister price.",7.905
Project Hail Mary,"Science Fiction, Adventure","Ryan Gosling, Sandra Hüller, James Ortiz","Phil Lord, Christopher Miller","Science teacher Ryland Grace wakes up on a spaceship light years from home with no recollection of who he is or how he got there. As his memory returns, he begins to uncover his mission: solve the riddle of the mysterious substance causing the sun to die out. He must call on his scientific knowledge and unorthodox ideas to save everything on Earth from extinction.",8.636
The Super Mario Galaxy Movie,"Family, Comedy, Adventure, Fantasy, Animation","Chris Pratt, Anya Taylor-Joy, Charlie Day","Michael Jelenic, Aaron Horvath","Having thwarted Bowser's previous plot to marry Princess Peach, Mario and Luigi now face a fresh threat in Bowser Jr., who is determined to liberate his father from captivity and restore the family legacy. Alongside companions new and old, the brothers travel across the stars to stop the young heir's crusade.",8.034
Dhurandhar: The Revenge,"Action, Crime, Thriller","Ranveer Singh, Arjun Rampal, R. Madhavan",Aditya Dhar,"As rival gangs, corrupt officials and a ruthless Major Iqbal close in, Hamza's mission for his country spirals into a bloody personal war where the line between patriot and monster disappears in the streets of Lyari.",7.3
Swapped,"Adventure, Animation, Family, Fantasy","Michael B. Jordan, Juno Temple, Tracy Morgan",Nathan Greno,"A small woodland creature and a majestic bird, two natural sworn enemies of the Valley, magically trade places and set off on an adventure of a lifetime to switch back. Their journey soon uncovers a greater threat—one that could endanger not only their species, but the entire valley they call home.",9.0
Your Heart Will Be Broken,"Romance, Drama","Daniel Vegas, Veronika Zhuravleva, Ivan Trushin",Mikhail Vaynberg,"High school student Polina is saved from bullying at her new school and makes a deal with the main bully Bars: he must pretend to be her boyfriend and protect her, and she must do everything he says. During this game, the couple develops real feelings, but her family and classmates have reasons to separate the lovers.",6.7
Pati Patni Aur Woh Do,Comedy,"Ayushmann Khurrana, Wamiqa Gabbi, Rakul Preet Singh",Mudassar Aziz,"A seemingly perfect marriage in Prayagraj takes an unexpected turn when one decision leads to a chain of misunderstandings, suspicion, and comedic chaos.",7.667
Mortal Kombat II,"Action, Fantasy, Adventure","Karl Urban, Adeline Rudolph, Jessica McNamee",Simon McQuoid,"The fan favorite champions—now joined by Johnny Cage himself—are pitted against one another in the ultimate, no-holds barred, gory battle to defeat the dark rule of Shao Kahn that threatens the very existence of the Earthrealm and its defenders.",6.765
The Mandalorian and Grogu,"Action, Adventure, Science Fiction","Pedro Pascal, Jeremy Allen White, Sigourney Weaver",Jon Favreau,"The evil Empire has fallen, and Imperial warlords remain scattered throughout the galaxy. As the fledgling New Republic works to protect everything the Rebellion fought for, they have enlisted the help of legendary Mandalorian bounty hunter Din Djarin and his young apprentice Grogu.",6.812
System,Thriller,"Sonakshi Sinha, Jyothika, Ashutosh Gowariker",Ashwiny Iyer Tiwari,"When Neha Rajvansh, a privileged public prosecutor, meets Sarika Rawat, a courtroom stenographer from a humble background, their lives are thrown into upheaval where power defines truth, blurring the system and raising a question of what justice truly means to them.",7.5
Chand Mera Dil,"Romance, Drama","Ananya Panday, Lakshya Lalwani, Aastha Singh",Vivek Soni,"Aarav and Chandni's passionate college romance is struck by adulthood far too soon, forcing the two young lovers to balance their ambitions with responsibility and realize the evolved meaning of love.",0.0
Mortal Kombat,"Action, Fantasy, Adventure","Lewis Tan, Jessica McNamee, Mehcad Brooks",Simon McQuoid,"Washed-up MMA fighter Cole Young, unaware of his heritage, and hunted by Emperor Shang Tsung's best warrior, Sub-Zero, seeks out and trains with Earth's greatest champions as he prepares to stand against the enemies of Outworld in a high stakes battle for the universe.",7.032
The Devil Wears Prada,"Drama, Comedy","Meryl Streep, Anne Hathaway, Emily Blunt",David Frankel,"A young woman from the Midwest gets more than she bargained for when she moves to New York to become a writer and ends up as the assistant to the tyrannical, larger-than-life editor-in-chief of a major fashion magazine.",7.424
Apex,"Action, Thriller","Charlize Theron, Taron Egerton, Eric Bana",Baltasar Kormákur,A grieving woman pushing her limits on a solo adventure in the Australian wild is ensnared in a twisted game with a cunning killer who thinks she's prey.,6.698
The Shadow's Edge,"Action, Crime, Drama, Thriller","Jackie Chan, Zhang Zifeng, Tony Leung Ka-fai",Larry Yang,Macau Police brings the tracking expert police officer out of retirement to help catch a dangerous group of professional thieves.,7.391
Hoppers,"Adventure, Animation, Comedy, Family, Science Fiction","Piper Curda, Bobby Moynihan, Jon Hamm",Daniel Chong,"Scientists have discovered how to 'hop' human consciousness into lifelike robotic animals, allowing people to communicate with animals as animals. Animal lover Mabel seizes an opportunity to use the technology, uncovering mysteries within the animal world beyond anything she could have imagined.",8.1
Graphic Desires,"Thriller, Crime","David Wayman, Sian Altman, May Kelly",Andy Edwards,"When reclusive Franklin cheats on his partner with a mysterious girl he meets on a dating app, it becomes the start of a deadly obsession.",7.053
Backrooms,"Horror, Mystery, Science Fiction","Renate Reinsve, Finn Bennett, Lukita Maxwell",Kane Parsons,A strange doorway appears in the basement of a furniture showroom.,6.6
Nymphomaniac: Vol. II,"Drama, Mystery","Charlotte Gainsbourg, Stellan Skarsgård, Stacy Martin",Lars von Trier,The continuation of Joe's sexually dictated life delves into the darker aspects of her adult life and what led to her being in Seligman's care.,6.711
Ladies First,"Comedy, Fantasy","Sacha Baron Cohen, Rosamund Pike, Tom Davis",Thea Sharrock,"An arrogant but charismatic ladies' man finds his life of money, power and casual flings upended when he wakes up in a parallel world dominated by women.",5.863
Michael,"Music, Drama","Jaafar Jackson, Colman Domingo, Nia Long",Antoine Fuqua,"The story of Michael Jackson, one of the most influential artists the world has ever known, and his life beyond the music. His journey from the discovery of his extraordinary talent as the lead of the Jackson Five, to the visionary artist whose creative ambition fueled a relentless pursuit to become the biggest entertainer in the world, highlighting both his life off-stage and some of the most iconic performances from his early solo career.",7.6
Mortal Game,"Horror, Action","Deniella Alexis, Kevin Lloyd Reid, Mark Ettlinger",John Lechago,"A group of hunters travel to a mysterious island to track down a legendary forest creature. They soon realize their guide has set them up as bait, forcing them to confront a highly intelligent predator that terrorizes them one by one.",4.917
Chand Mera Dil,"Romance, Drama","Ananya Panday, Lakshya Lalwani, Aastha Singh",Vivek Soni,"Aarav and Chandni's passionate college romance is struck by adulthood far too soon, forcing the two young lovers to balance their ambitions with responsibility and realize the evolved meaning of love.",0.0
Demon Slayer: Kimetsu no Yaiba Infinity Castle,"Animation, Action, Fantasy","Natsuki Hanae, Takahiro Sakurai, Akira Ishida",Haruo Sotozaki,"The Demon Slayer Corps are drawn into the Infinity Castle, where Tanjiro, Nezuko, and the Hashira face terrifying Upper Rank demons in a desperate fight as the final battle against Muzan Kibutsuji begins.",7.7
GOAT,"Animation, Comedy, Family","Caleb McLaughlin, Gabrielle Union, Stephen Curry",Tyree Dillihay,"A small goat with big dreams gets a once-in-a-lifetime shot to join the pros and play roarball, a high-intensity, co-ed, full-contact sport dominated by the fastest, fiercest animals in the world.",8.114
Karuppu,"Drama, Action, Fantasy","Suriya, Trisha Krishnan, RJ Balaji",RJ Balaji,"In a world where justice falters, guardian deity Vettai Karuppu takes the guise of a lawyer to battle a corrupt legal system preying on the powerless.",7.3
Beast,"Action, Drama","Daniel MacPherson, Luke Hemsworth, Russell Crowe",Tyler Atkins,"MMA legend Patton James, now a commercial fisherman, is pulled back into the cage when his brother is in danger. Reuniting with his old coach Sammy, he commits to one final fight in one championship against the brutal champion Xavier Grau.",6.3
Kartavya,"Crime, Drama, Thriller","Saif Ali Khan, Rasika Dugal, Sanjay Mishra",Pulkit,"With his family's safety at stake and menacing threats closing in, a police officer must decide how far he'll go to uphold his duty.",6.467
Madness,"Thriller, Action, Crime","Joe Dallesandro, Patrizia Behn, Gianni Macchia",Fernando Di Leo,"An escaped convicted murderer invades the cottage of a man, his wife and the wife's sister, whereupon he proceeds to torment this already dysfunctional trio with rape and violence.",4.903
Ne Zha 2,"Animation, Action, Fantasy, Adventure","Lu Yanting, Joseph, Han Mo",Jiao Zi,"After a catastrophic event leaves their bodies destroyed, Ne Zha and Ao Bing are granted a fragile second chance at life. As tensions rise between the dragon clans and celestial forces, the two must undergo a series of perilous trials that will test their bond, challenge their identities, and decide the fate of both mortals and immortals.",8.161
Worldbreaker,"Science Fiction, Action, Horror","Billie Boullet, Luke Evans, Milla Jovovich",Brad Anderson,"Five years ago, a tear in the fabric of reality brought creatures to our world from an alternate dimension bent on our destruction. A father hides his daughter on an island to keep her safe while he prepares her for survival and the battles to come. But when the world is about to break, no place is safe.",6.03
Damage,"Drama, Romance","Jeremy Irons, Juliette Binoche, Miranda Richardson",Louis Malle,The life of a respected British politician at the height of his career crumbles when he becomes obsessed with his son's lover.,6.566
Dhurandhar,"Action, Crime, Thriller","Ranveer Singh, Akshaye Khanna, R. Madhavan",Aditya Dhar,"A mysterious traveler slips into the heart of Karachi's underbelly and rises through its ranks with lethal precision, only to tear the notorious ISI-Underworld nexus apart from within.",7.1
Over Your Dead Body,"Action, Comedy, Thriller","Jason Segel, Samara Weaving, Paul Guilfoyle",Jorma Taccone,"A dysfunctional couple head to a remote cabin to ""reconnect"", but each has secret intentions to kill the other.",7.158
Aakhri Sawal,"Drama, Thriller","Sanjay Dutt, Namashi Chakraborty, Amit Sadh",Abhijeet Mohan Warang,"Vicky, a brilliant but volatile scholar who ignites a national firestorm when he publicly accuses his legendary mentor, Professor Gopal Nadkarni, of institutional bias. What begins as a faculty dispute is quickly hijacked by a sensationalist news anchor and an ambitious political activist, turning a private disagreement into a televised ""intellectual trial"" watched by millions.",1.0
Bingo Bongo,Comedy,"Adriano Celentano, Carole Bouquet, Felice Andreasi",Pasquale Festa Campanile,"The ape-man, found somewhere in the jungles of Congo, transferred to Milan and named Bingo Bongo. The only one who believes in the human qualities of him is Laura, a woman anthropologist , so their affection for each other even grows to love.",5.731
After We Fell,"Drama, Romance","Josephine Langford, Hero Fiennes Tiffin, Carter Jenkins",Castille Landon,"Just as Tessa's life begins to become unglued, nothing is what she thought it would be. Not her friends nor her family. The only person that she should be able to rely on is Hardin, who is furious when he discovers the massive secret that she's been keeping. Before Tessa makes the biggest decision of her life, everything changes because of revelations about her family.",7.005
Remarkably Bright Creatures,"Drama, Mystery","Sally Field, Lewis Pullman, Colm Meaney",Olivia Newman,"Through unlikely bonds formed during night shifts at a local aquarium, Tova, an elderly widow, learns of a life-changing discovery that may bring her joy and wonder once again.",8.532
Bhooth Bangla,"Horror, Comedy","Akshay Kumar, Wamiqa Gabbi, Paresh Rawal",Priyadarshan,"A man inherits a palace in rural Mangalpur and plans his sister's wedding there, but strange supernatural events and panicked locals force him to investigate the property's mysterious past.",6.5
Zootopia 2,"Action, Adventure, Animation, Comedy, Family, Mystery","Ginnifer Goodwin, Jason Bateman, Ke Huy Quan","Jared Bush, Byron Howard","After cracking the biggest case in Zootopia's history, rookie cops Judy Hopps and Nick Wilde find themselves on the twisting trail of a great mystery when Gary De'Snake arrives and turns the animal metropolis upside down. To crack the case, Judy and Nick must go undercover to unexpected new parts of town, where their growing partnership is tested like never before.",7.645
Ready or Not: Here I Come,"Thriller, Horror, Comedy","Samara Weaving, Kathryn Newton, Elijah Wood","Matt Bettinelli-Olpin, Tyler Gillett","Moments after surviving an all-out attack from the Le Domas family, Grace discovers she’s reached the next level of the nightmarish game — and this time with her estranged sister Faith at her side. Grace has one chance to survive, keep her sister alive, and claim the High Seat of the Council that controls the world. Four rival families are hunting her for the throne, and whoever wins rules it all.",7.686
Mexican Psycho,"Thriller, Horror","Adriana Llabrés, Hoze Meléndez, Andrés Almeida",J. Xavier Velasco,"Follows an ""ultra-violent and intelligent"" psychopath who challenges the police by leaving a white paper rabbit at each crime scene, connecting them all.",7.429
Disforia,"Horror, Thriller","Claudia Salas, Fariba Sheikhan, Eloy Azorín",Christopher Cartagena,"Set in the near future against the backdrop of widespread looting and societal collapse, the couple formed by Esther and Tomás and their daughter Say move to their summer house so they can promptly sell it and then flee from their country to France, drawing attention from a ring of voyeurs of real-life torture streamed on the dark web.",5.0
Interstellar,"Adventure, Drama, Science Fiction","Matthew McConaughey, Anne Hathaway, Michael Caine",Christopher Nolan,The adventures of a group of explorers who make use of a newly discovered wormhole to surpass the limitations on human space travel and conquer the vast distances involved in an interstellar voyage.,8.475
Accidental Partners,"Comedy, Romance","Angelique Boyer, Bárbara de Regil, Diego Klein",Ihtzi Hurtado,Two women discover they were both scammed by the same man (who also got them pregnant). They form an alliance to take revenge.,9.106
My Dearest Assassin,"Action, Drama, Romance","Pimchanok Luevisadpaibul, Thanapob Leeratanakachorn, Sivakorn Adulsuttikul",Taweewat Wantha,"Hunted for her rare blood type, a caged woman vows to fight alongside the assassin she loves to protect their future when an old enemy resurfaces.",8.628
Avatar Aang: The Last Airbender,"Animation, Action, Adventure, Fantasy","Eric Nam, Dave Bautista, Jessica Matten",Lauren Montgomery,"Avatar Aang, the world's last Airbender, learns of an ancient power that could save his culture from extinction. With the help of his friends, he embarks on a global quest to find it before it falls into the wrong hands and threatens to upend the peace they sacrificed everything to achieve.",0.0
The Last Supper,Horror,"Santiago Rios, Nicolás Melian","Aleksandr Boikov, Craig D. Foster, Marc Martínez Jordán, Noh Do-yeon, Pick Poison, Christer Breisnes Runde, Felipe Vargas","In a deserted house, a mysterious man savors an exquisite menu in the company of an unseen guest. From this eerie dinner table, a succession of terrifying stories is revealed-each probing primal fears of hunger, flesh, and survival.",0.0
The Sheep Detectives,"Comedy, Family, Mystery","Hugh Jackman, Julia Louis-Dreyfus, Emma Thompson",Kyle Balda,"George Hardy is a shepherd who reads detective novels to his beloved sheep every night, assuming they can't possibly understand. But when a mysterious incident disrupts life on the farm, the sheep realize they must become the detectives. As they follow the clues and investigate human suspects, they prove that even sheep can be brilliant crime-solvers.",7.612
Shelter,"Action, Crime, Thriller","Jason Statham, Bodhi Rae Breathnach, Naomi Ackie",Ric Roman Waugh,"A man living in self-imposed exile on a remote island rescues a young girl from a violent storm, setting off a chain of events that forces him out of seclusion to protect her from enemies tied to his past.",7.621
Night Silence,"Horror, Drama, Mystery","Maciej Damięcki, Zdzisław Wardejn, Włodzimierz Press",Bartosz M. Kowalski,"A theatre actor whose health is failing gets admitted to a nursing home. Soon, he starts having nightmares that seemingly become deceptively real. The so-called nightmares were able to make him live in two parallel dimensions.",4.7
The Shawshank Redemption,"Drama, Crime","Tim Robbins, Morgan Freeman, Bob Gunton",Frank Darabont,"Imprisoned in the 1940s for the double murder of his wife and her lover, upstanding banker Andy Dufresne begins a new life at the Shawshank prison, where he puts his accounting skills to work for an amoral warden. During his long stretch in prison, Dufresne comes to be admired by the other inmates -- including an older prisoner named Red -- for his integrity and unquenchable sense of hope.",8.721
The Housemaid,"Mystery, Thriller","Sydney Sweeney, Amanda Seyfried, Brandon Sklenar",Paul Feig,"Trying to escape her past, Millie Calloway accepts a job as a live-in housemaid for the wealthy Nina and Andrew Winchester. But what begins as a dream job quickly unravels into something far more dangerous—a sexy, seductive game of secrets, scandal, and power.",7.262
Colony,"Action, Thriller, Horror","Gianna Jun, Koo Kyo-hwan, Ji Chang-wook",Yeon Sang-ho,"Professor Se-jeong is thrust into a bloody nightmare when a rapidly mutating virus is released during a biotech conference causing authorities to seal the facility. Trapped inside with no escape, Se-jeong along with a small group of survivors must fight to stay alive while the infected undergo horrific transformations.",6.9
Raja Shivaji,"Action, History, Drama","Riteish Deshmukh, Sanjay Dutt, Abhishek Bachchan",Riteish Deshmukh,"Chronicles the rise of young Shivaji Bhonsale, who challenged the might of established empires to found the Maratha kingdom and lay the groundwork for 'Swarajya' (self-rule) during a turbulent period of Indian history.",9.0
Krishnavataram Part 1: The Heart (Hridayam),"Adventure, Romance, Drama","Siddharth Gupta, Sushmitha Bhat, Sanskruti Jayana",Hardik Gajjar,"An epic devotional narrative that reimagines the journey of Lord Krishna, tracing his path from Dwarka to Kurukshetra after parting ways with Radha. As his journey unfolds, it explores his connection with people, his layered personality, and the lessons he imparts about love and life.",8.5
Michael Jackson: The Life of an Icon,"Documentary, Music","Michael Jackson, David Gest, Tito Jackson",Andrew Eastel,"See Michael Jackson, one of the most recognizable and popular entertainers of all time, like never before in the feature-length tribute Michael Jackson: The Life of an Icon. Known to millions of fans worldwide for his record-breaking albums, groundbreaking music videos, mesmerizing dance moves and humanitarian efforts, his true story has never really been told...until now. This unprecedented look into the King of Pop's fascinating life includes all-new interviews with his mother Katherine Jackson as well as siblings Tito and Rebbie Jackson,  his nephew  Jaafar Jackson and niece Tahkyah brings plenty Jackson and Friends ends and music legends such as Smokey Robinson, Dionne Warwick and  his 3 children and many more.",8.14
Bingo Bongo,Comedy,"Adriano Celentano, Carole Bouquet, Felice Andreasi",Pasquale Festa Campanile,"The ape-man, found somewhere in the jungles of Congo, transferred to Milan and named Bingo Bongo. The only one who believes in the human qualities of him is Laura, a woman anthropologist , so their affection for each other even grows to love.",5.731
Drishyam 3,"Crime, Drama, Thriller","Mohanlal, Meena, Siddique",Jeethu Joseph,"To protect his family and their dark secret, Georgekutty faces an organized new threat. As walls close in and cracks widen, how much more is he willing to sacrifice ?",7.0
Michael Jackson: The Life of an Icon,"Documentary, Music","Michael Jackson, David Gest, Tito Jackson",Andrew Eastel,"See Michael Jackson, one of the most recognizable and popular entertainers of all time, like never before in the feature-length tribute Michael Jackson: The Life of an Icon. Known to millions of fans worldwide for his record-breaking albums, groundbreaking music videos, mesmerizing dance moves and humanitarian efforts, his true story has never really been told...until now. This unprecedented look into the King of Pop's fascinating life includes all-new interviews with his mother Katherine Jackson as well as siblings Tito and Rebbie Jackson,  his nephew  Jaafar Jackson and niece Tahkyah brings plenty Jackson and Friends ends and music legends such as Smokey Robinson, Dionne Warwick and  his 3 children and many more.",8.14
Red Latex,Thriller,"Fedra Duarte, Nestor Napolitano, Valeria Rowinski",Gerard Marcó de Mas,"Eric lives with his pregnant wife in his in-laws' house because they have no money to become independent. Eric is very docile and the people around him: his wife, his father, his father-in-law, and his boss have always told him what he has to do with his life. But everything has a limit. Fed of with this situation, Eric leaves his family and escapes to the mansion of the dominatrix Mistress Gise to become her slave. Eric hopes to achieve liberation by submitting to Mistress Gise. When his family finds out, they do what they can to get him back. Meanwhile, Mistress Gise is a twisted Domina who takes Eric's slavery beyond any expected limit.",5.2
Infiltrate,"Action, Thriller","Orphée Ladouceur-Nguyen, Alain Moussi, Tim Rozon",James Mark,"In a city overrun by crime, government Agent Lily Chen is forced to choose between her duty and her family when her husband is kidnapped, and she’s blackmailed into assassinating high-level criminals to save him. As she delves deeper into the criminal underworld, Lily’s relentless pursuit of justice unravels a web of corruption, leading to a final, life-altering decision that will change her world forever.",5.2
Greenland 2: Migration,"Adventure, Thriller, Science Fiction","Gerard Butler, Morena Baccarin, Roman Griffin Davis",Ric Roman Waugh,"Having found the safety of the Greenland bunker after the comet Clarke decimated the Earth, the Garrity family must now risk everything to embark on a perilous journey across the wasteland of Europe to find a new home.",6.414
Monika,"Romance, Drama","Gloria Guida, Colette Descombes, Andrés Resino",Mario Imperoli,"Monika is young, beautiful and a virgin. She is only 16 years old, and, beside getting the attention of all her classmates, she also attracts older men. She has a relationship with a boy, Leo, but she doesn't know that he uses to pimp the girls he seduces to rich businessmen. One of Leo's client befriends Monika and becomes so obsessed that he pays Leo to get her. But Monika turns her attention to her art professor, unknowing that he too has his secrets.",4.7
Deool Band 2,"Comedy, Drama","Mohan Joshi, Snehal Tarde, Mahesh Manjrekar",Pravin Tarde,"The story follows a farmer who decides to question and test his faith, setting off a journey filled with emotional and life-altering moments. At its core, the narrative centers on a woman who tirelessly struggles for her family, facing hardships with resilience, as her path ultimately leads her to confront the very idea of divine power",0.0
Predator: Badlands,"Action, Science Fiction, Adventure","Elle Fanning, Dimitrius Schuster-Koloamatangi, Ravi Narayan",Dan Trachtenberg,"Cast out from his clan, a young Predator finds an unlikely ally in a damaged android and embarks on a treacherous journey in search of the ultimate adversary.",7.7
Virgin,"Drama, Romance","Dyessa Garcia, Arnold Reyes, Anthony Dabao",Christopher Novabos,"Iris, an 18-year old virgin marries Joaquin, a rich widower, because of money. However, when he learns that Iris is not really a virgin, their honeymoon turns to a bloodbath.",6.5
Fuze,"Action, Crime, Drama, Thriller","Aaron Taylor-Johnson, Theo James, Gugu Mbatha-Raw",David Mackenzie,An unexploded WWII bomb is discovered on a busy construction site in the centre of London. Chaos ensues as the military and police begin a mass evacuation against a ticking clock.,6.5
Real Steel,"Action, Science Fiction, Drama","Hugh Jackman, Dakota Goyo, Evangeline Lilly",Shawn Levy,"Charlie Kenton is a washed-up fighter who retired from the ring when robots took over the sport. After his robot is trashed, he reluctantly teams up with his estranged son to rebuild and train an unlikely contender.",7.088
Krishnavataram Part 1: The Heart (Hridayam),"Adventure, Romance, Drama","Siddharth Gupta, Sushmitha Bhat, Sanskruti Jayana",Hardik Gajjar,"An epic devotional narrative that reimagines the journey of Lord Krishna, tracing his path from Dwarka to Kurukshetra after parting ways with Radha. As his journey unfolds, it explores his connection with people, his layered personality, and the lessons he imparts about love and life.",8.5
Kaulayaw,Drama,"Micaella Raz, Matthew Francisco, Robb Guinto",Iar Arondaing,"Two college schoolmates venture into the world of cybersex to support their needs. They fulfill their fans' sexual fantasy only to realized that they too, are falling for each other.",5.8
Dime lo que quieres (de verdad),"Romance, Drama, Comedy","Tony Dalton, Stephanie Cayo, Angie Cepeda",Bruno Ascenzo,"Diego and Emilia are a conservative couple with 16 years of marriage who have lost the spark, until Tomás and Betina rescue them and introduce them to the forbidden world, changing what they know about intimacy, relationships, and sex.",7.8
Sundutan,Drama,"Allison Ross, Jade Esguerra, Mark Dionisio",Rodante Pajemna Jr.,"A hole on the wall accidentally connects two women emotionally and physically. Forbidden love, greed, betrayal... what lies beyond the hole? And for how long can they keep covering it up?",4.0
War of the Worlds,"Science Fiction, Thriller","Ice Cube, Eva Longoria, Clark Gregg",Rich Lee,"Will Radford is a top analyst for Homeland Security who tracks potential threats through a mass surveillance program, until one day an attack by an unknown entity leads him to question whether the government is hiding something from him... and from the rest of the world.",4.103
7 Dogs,"Action, Comedy","Ahmed Ezz, Karim Abdel Aziz, Monica Bellucci","Adil El Arbi, Bilall Fallah",Interpol agent Khalid Al-Azzazi joins forces with Ghali Abu Dawood from the 7 Dogs crime syndicate to fight drug trafficking.,0.0
Scream 7,"Horror, Mystery, Crime","Neve Campbell, Courteney Cox, Isabel May",Kevin Williamson,"When a new Ghostface killer emerges in the quiet town where Sidney Prescott has built a new life, her darkest fears are realized as her daughter becomes the next target. Determined to protect her family, Sidney must face the horrors of her past to put an end to the bloodshed once and for all.",6.128
Addicted,"Drama, Thriller","Sharon Leal, Boris Kodjoe, John Newberg",Bille Woodruff,A gallerist risks her family and flourishing career when she enters into an affair with a talented painter and slowly loses control of her life.,5.9
The Avengers,"Science Fiction, Action, Adventure","Robert Downey Jr., Chris Evans, Mark Ruffalo",Joss Whedon,"When an unexpected enemy emerges and threatens global safety and security, Nick Fury, director of the international peacekeeping agency known as S.H.I.E.L.D., finds himself in need of a team to pull the world back from the brink of disaster. Spanning the globe, a daring recruitment effort begins!",8.032
Zero Woman 2,"Action, Thriller","Natsuki Ozawa, Saori Iwama, Kane Kosugi",Daisuke Gotô,"When a valuable suitcase is stolen, the mob, petty criminals, and a beautiful agent from the Elite Zero division are pulled into a battle to settle the score.",5.0
They Will Kill You,"Action, Comedy, Horror","Zazie Beetz, Myha'la, Patricia Arquette",Kirill Sokolov,"A woman answers a help wanted ad to be a housekeeper in a mysterious New York City high-rise, unaware that she is entering a community that has seen a number of disappearances over the years and may be under the grip of a Satanic cult.",6.956
Vengeance,"Action, Thriller","Omar Chaparro, Alejandro Speitzer, Paola Nuñez",Rodrigo Valdes,"The brutal murder of the wife of “Toro,” a military hero in the special forces, turns him into a man with a single purpose: revenge. After a stroke of fate makes him a millionaire, Carlos transforms his fortune into an arsenal and, together with his closest soldiers, sets out to hunt down those responsible.",7.433
Lola's Secret,"Drama, Comedy, Horror","Donatella Damiani, Scott Coffey, Gabriele Tinti",Bruno Gaburro,Young man has his dreams come true when the sexy new maid seduces him. But she also has a secret that leads to trouble.,7.0
Apocalypto,"Action, Drama, History","Rudy Youngblood, Raoul Max Trujillo, Gerardo Taracena",Mel Gibson,"Set in the Mayan civilization, when a man's idyllic presence is brutally disrupted by a violent invading force, he is taken on a perilous journey to a world ruled by fear and oppression where a harrowing end awaits him. Through a twist of fate and spurred by the power of his love for his woman and his family he will make a desperate break to return home and to ultimately save his way of life.",7.626
Avengers: Infinity War,"Adventure, Action, Science Fiction","Robert Downey Jr., Chris Evans, Chris Hemsworth","Joe Russo, Anthony Russo","As the Avengers and their allies have continued to protect the world from threats too large for any one hero to handle, a new danger has emerged from the cosmic shadows: Thanos. A despot of intergalactic infamy, his goal is to collect all six Infinity Stones, artifacts of unimaginable power, and use them to inflict his twisted will on all of reality. Everything the Avengers have fought for has led up to this moment - the fate of Earth and existence itself has never been more uncertain.",8.236
The Devil Wears Prada 2,"Comedy, Drama","Meryl Streep, Anne Hathaway, Emily Blunt",David Frankel,"Andy Sachs returns to Runway as Miranda Priestly navigates a new media landscape and Runway's position within. The duo reconnect with former assistant Emily Charlton, now the head of a luxury brand that possesses funding which could ensure Runway's survival.",6.636
My Fault,"Drama, Romance, Thriller","Nicole Wallace, Gabriel Guevara, Marta Hazas",Domingo González,"Noah must leave her city, boyfriend, and friends to move into William Leister's mansion, the flashy and wealthy husband of her mother Rafaela. As a proud and independent 17 year old, Noah resists living in a mansion surrounded by luxury. However, it is there where she meets Nick, her new stepbrother, and the clash of their strong personalities becomes evident from the very beginning.",7.7
Rocky Aur Rani Kii Prem Kahaani,"Comedy, Drama, Family, Romance","Alia Bhatt, Ranveer Singh, Jaya Bachchan",Karan Johar,"Gym-freak brat Rocky falls in love with Rani, who comes from a well-educated Bengali family. Being from polar opposite worlds, the two decide to switch their families to adjust to each other's cultures and backgrounds and to know if their marriage will survive. Rocky and Rani are trapped in a world where they are united by love but divided by families and the ultimate question is will they fit in?",6.201
Dracula,"Horror, Fantasy, Romance","Caleb Landry Jones, Zoë Bleu Sidel, Christoph Waltz",Luc Besson,"In late 15th-century Eastern Europe, Prince Vlad II’s bride is brutally murdered. As a result, he renounces God and damns Heaven itself. Cursed with eternal life, Vlad is reborn as Dracula, an immortal warlord who defies fate in a blood-soaked crusade to wrench his lost love back from death.",7.125
Normal,"Action, Crime, Thriller","Bob Odenkirk, Henry Winkler, Lena Headey",Ben Wheatley,"An unassuming substitute sheriff with a troubled past responds to a bank robbery in a small, sleepy town and unknowingly uncovers something far more explosive.",6.461
Fifty Shades Freed,"Drama, Romance","Dakota Johnson, Jamie Dornan, Eric Johnson",James Foley,"Believing they have left behind shadowy figures from their past, newlyweds Christian and Ana fully embrace an inextricable connection and shared life of luxury. But just as she steps into her role as Mrs. Grey and he relaxes into an unfamiliar stability, new threats could jeopardize their happy ending before it even begins.",6.7
The Godfather,"Drama, Crime","Marlon Brando, Al Pacino, James Caan",Francis Ford Coppola,"Spanning the years 1945 to 1955, a chronicle of the fictional Italian-American Corleone crime family. When organized crime family patriarch, Vito Corleone barely survives an attempt on his life, his youngest son, Michael steps in to take care of the would-be killers, launching a campaign of bloody revenge.",8.687
Disclosure Day,"Mystery, Science Fiction, Thriller","Emily Blunt, Josh O'Connor, Colin Firth",Steven Spielberg,"If you found out we weren’t alone, if someone showed you, proved it to you, would that frighten you?",0.0
Send Help,"Horror, Thriller, Comedy","Rachel McAdams, Dylan O'Brien, Edyll Ismail",Sam Raimi,"Two colleagues become stranded on a deserted island, the only survivors of a plane crash. On the island, they must overcome past grievances and work together to survive, but ultimately, it's a battle of wills and wits to make it out alive.",7.045
TN 2026,"Comedy, Drama","Natarajan Subramaniam, Thambi Ramaiah, M. S. Bhaskar",Umapathy Ramaiah,"Set in Pollachi, the story follows a powerful landlord, Sivalingam Mandradiyar, who becomes obsessed with a rising actor, Kukanth Kumar, believing he is the next M.G.R. He pours his wealth into shaping the actor's career and political future. But as ambition and fame grow, so does the risk of downfall. Will it lead to power or ruin?",0.0
The Dark Knight,"Action, Crime, Thriller","Christian Bale, Heath Ledger, Aaron Eckhart",Christopher Nolan,"Batman raises the stakes in his war on crime. With the help of Lt. Jim Gordon and District Attorney Harvey Dent, Batman sets out to dismantle the remaining criminal organizations that plague the streets. The partnership proves to be effective, but they soon find themselves prey to a reign of chaos unleashed by a rising criminal mastermind known to the terrified citizens of Gotham as the Joker.",8.5
Crime 101,"Crime, Thriller","Chris Hemsworth, Mark Ruffalo, Halle Berry",Bart Layton,"When an elusive thief whose high-stakes heists unfold along the iconic 101 freeway in Los Angeles eyes the score of a lifetime, with hopes of this being his final job, his path collides with a disillusioned insurance broker who is facing her own crossroads. Determined to crack the case, a relentless detective closes in on the operation, raising the stakes even higher.",6.98
War Machine,"Action, Science Fiction, Thriller","Alan Ritchson, Dennis Quaid, Stephan James",Patrick Hughes,"On one last grueling mission during Army Ranger training, a combat engineer must lead his unit in a fight against a giant otherworldly killing machine.",7.338
The Conjuring: Last Rites,Horror,"Patrick Wilson, Vera Farmiga, Mia Tomlinson",Michael Chaves,Paranormal investigators Ed and Lorraine Warren take on one last terrifying case involving mysterious entities they must confront.,6.91
The Lord of the Rings: The Return of the King,"Adventure, Fantasy, Action","Elijah Wood, Ian McKellen, Viggo Mortensen",Peter Jackson,"As armies mass for a final battle that will decide the fate of the world--and powerful, ancient forces of Light and Dark compete to determine the outcome--one member of the Fellowship of the Ring is revealed as the noble heir to the throne of the Kings of Men. Yet, the sole hope for triumph over evil lies with a brave hobbit, Frodo, who, accompanied by his loyal friend Sam and the hideous, wretched Gollum, ventures deep into the very dark heart of Mordor on his seemingly impossible quest to destroy the Ring of Power.​",8.498
Kraken,"Horror, Action, Thriller","Sara Khorami, Mikkel Bratt Silset, Ingvild Holthe Bygdnes",Pål Øie,"A marine biologist is doing research on a fish farm when she encounters several strange occurrences. Along with the brutal deaths of two teenagers, all signs point to the deep fjord; can there be more to the depths than the eye can see?",5.81
Jana Nayagan,"Action, Drama, Science Fiction","Vijay, Mamitha Baiju, Bobby Deol",H. Vinoth,"A clash of ideologies. One stands for the people, the other feeds on control. Their paths collided once before. Years later, a child’s silent fear ignites the past, drawing a former police officer into a battle far bigger than personal revenge.",0.0
Titanic,"Drama, Romance","Leonardo DiCaprio, Kate Winslet, Billy Zane",James Cameron,"101-year-old Rose DeWitt Bukater tells the story of her life aboard the Titanic, 84 years later. A young Rose boards the ship with her mother and fiancé. Meanwhile, Jack Dawson and Fabrizio De Rossi win third-class tickets aboard the ship. Rose tells the whole story from Titanic's departure through to its death—on its first and last voyage—on April 15, 1912.",7.903
The Lord of the Rings: The Fellowship of the Ring,"Adventure, Fantasy, Action","Elijah Wood, Ian McKellen, Viggo Mortensen",Peter Jackson,"Young hobbit Frodo Baggins, after inheriting a mysterious ring from his uncle Bilbo, must leave his home in order to keep it from falling into the hands of its evil creator. Along the way, a fellowship is formed to protect the ringbearer and make sure that the ring arrives at its final destination: Mt. Doom, the only place where it can be destroyed.",8.435
Kesong Puti,Drama,"Apphle Celso, Van Allen Ong, Rinoa Halili",Rodante Pajemna Jr.,"Have a taste of VMX Newest Temptation Apphle Celso. Lena, a Kesong Puti vendor, meets a charming dairy supplier Manny. Their chemistry sparks a daring secret that transforms her humble cheese into their town’s obsession.",5.5
Spider-Man: No Way Home,"Action, Adventure, Science Fiction","Tom Holland, Zendaya, Benedict Cumberbatch",Jon Watts,"Peter Parker is unmasked and no longer able to separate his normal life from the high-stakes of being a super-hero. When he asks for help from Doctor Strange the stakes become even more dangerous, forcing him to discover what it truly means to be Spider-Man.",7.934
Madhuvidhu,"Family, Comedy, Drama","Sharafudheen, Kalyani Panicker, Vijitha Vijayakumar",Vishnu Aravind,"Madhuvidhu offers a simple, relatable take on married life, focusing on everyday moments rather than drama. It follows Amrut Raj of the Anjilamoodu tharavadu, a household of five men, and a newlywed couple whose hopes for happiness gradually fade under daily pressures. What begins with promise turns into a test of endurance, as the couple struggles to bridge the growing emotional distance between them",8.0
How to Have Sex,Drama,"Mia McKenna-Bruce, Lara Peake, Enva Lewis",Molly Manning Walker,"Three British teenage girls go on a rites-of-passage holiday—drinking, clubbing and hooking up, in what should be the best summer of their lives.",6.23
Brothers Under Fire,"Action, Thriller, Mystery, Drama","Kiefer Sutherland, Tommy Martinez, Ashton Sanders",Justin Chadwick,"Captain Jordan Wright's squadron on leave for a wedding in Mexico encounters a murderous cartel. As Jordan tries to lead survivors to safety, war erupts between his squad and the cartel, forcing him into a battle to save his men.",5.88
F1,"Action, Drama","Brad Pitt, Damson Idris, Javier Bardem",Joseph Kosinski,Racing legend Sonny Hayes is coaxed out of retirement to lead a struggling Formula 1 team—and mentor a young hotshot driver—while chasing one more chance at glory.,7.777
Bonolota Express,"Drama, Comedy, Family","Mosharraf Karim, Chanchal Chowdhury, Sariful Razz",Tanim Noor,"On a foggy winter journey, the Bonolota Express carries strangers burdened by secrets whose lives begin to collide within the train’s confined corridors. As the night unfolds, personal and political crises erupt, exposing hidden grief, moral decay, and moments of unexpected compassion amid chaos and revolt. By dawn, the train moves on, leaving its passengers irrevocably changed by a single journey where illusions collapse and human truths emerge.",8.571
Toy Story 5,"Animation, Family, Comedy, Adventure","Tom Hanks, Tim Allen, Joan Cusack",Andrew Stanton,"When Bonnie receives a Lilypad tablet as a gift and becomes obsessed, Buzz, Woody, Jessie and the rest of the gang's jobs become exponentially harder when they have to go head to head with the all-new threat to playtime.",0.0
Wormtown,"Science Fiction, Horror, Adventure","Caitlin McWethy, Rachel Ryu, Emily Soppe",Sergio Pinheiro,"One year into a plague of flesh-eating, mind-altering worms, the nocturnal town of Ashland, Ohio, has embraced the parasites’ rule. Under cult-like Mayor Joshua, zealous Ranchers spread their gospel—by persuasion or by force. A trio of uninfected women cling to survival through scavenging, extreme hygiene, and evasion. But everyone breaks eventually, unleashing betrayal, sacrilege, and body horror.",5.781
Rise of the Conqueror,"History, Action, Adventure, War","Christian Mortensen, Mahesh Jadu, Joshua Jo",Jacob Schwarz,"In the 14th-century, as the Silk Road crumbles and rival factions tear the land apart, fearless warrior Timur emerges from exile. Stripped of everything, he fights to unite the fractured kingdoms, using strategy and sheer will to carve an empire from chaos. Undefeated in battle and widely regarded as one of history’s greatest military leaders and tacticians, not to mention one of its most brutal, Timur would found the Timurid Empire, which ruled over modern-day Afghanistan, Iran and Central Asia.",5.923
Vaazha II,"Comedy, Drama","Hashir, Alan Bin Siraj, Ajin Joy",Savin Sa,"Four friends – Hashir, Alan, Ajin and Vinayak – are considered losers and troublemakers by parents, family and the school management. They face immense social pressure as they reach adulthood, embarking them on an emotional journey of self discovery and acceptance, where they finally learn to take up their responsibilities and find success.",7.063
KD – The Devil,"History, Crime, Action, Fantasy","Dhruva Sarja, Shilpa Shetty Kundra, Sanjay Dutt",Prem,"In the early 1970s, a petty criminal Kaali unwittingly involves himself with underworld thugs, catalyzing events beyond his control.",5.0
KPop Demon Hunters,"Fantasy, Music, Comedy, Animation","Arden Cho, May Hong, Ji-young Yoo","Chris Appelhans, Maggie Kang","When K-pop superstars Rumi, Mira and Zoey aren't selling out stadiums, they're using their secret powers to protect their fans from supernatural threats.",8.0
Deadpool & Wolverine,"Action, Comedy, Science Fiction","Ryan Reynolds, Hugh Jackman, Emma Corrin",Shawn Levy,"A listless Wade Wilson toils away in civilian life with his days as the morally flexible mercenary, Deadpool, behind him. But when his homeworld faces an existential threat, Wade must reluctantly suit-up again with an even more reluctant Wolverine.",7.569
Inception,"Action, Science Fiction, Adventure","Leonardo DiCaprio, Joseph Gordon-Levitt, Ken Watanabe",Christopher Nolan,"Cobb, a skilled thief who commits corporate espionage by infiltrating the subconscious of his targets is offered a chance to regain his old life as payment for a task considered to be impossible: ""inception"", the implantation of another person's idea into a target's subconscious.",8.372
The Sleeper,"Action, Thriller, Drama","Çağatay Ulusoy, Elçin Sangu, Barış Falay",Can Ulkay,"Ferman is a cold-blooded hitman who eliminates former agents for a secret organization. While eliminating a target during one of his missions, he encounters Saye and unexpectedly falls in love with her. Instead of killing her, he chooses to bring her into the organization. This decision marks the beginning of an irreversible path in both of their lives.",6.0
Deadpool & Wolverine,"Action, Comedy, Science Fiction","Ryan Reynolds, Hugh Jackman, Emma Corrin",Shawn Levy,"A listless Wade Wilson toils away in civilian life with his days as the morally flexible mercenary, Deadpool, behind him. But when his homeworld faces an existential threat, Wade must reluctantly suit-up again with an even more reluctant Wolverine.",7.569
The Mortuary Assistant,"Horror, Mystery","Willa Holland, Paul Sparks, John Adams",Jeremiah Kipp,"Rebecca Owens, a recent mortuary science graduate takes a night shift job at River Fields Mortuary. Initially, the job seems straightforward — embalming bodies, completing paperwork, and keeping things tidy. But once Rebecca starts working the night shift, things take a dark turn.",5.524
Omukade,"Horror, Thriller, War","Narilya Gulmongkolpech, James Laver, Yasaka Chaisorn","Chalit Krileadmongkon, Pakphum Wongjinda","Thailand, 1941 — a handful of Japanese soldiers and their prisoners are trapped in a cursed mine. As tensions between enemies reach a breaking point, they are forced to confront a terrifying, ancient monster lurking in the shadows.",5.5
Fatal Conspiracy,Horror,"Aline Mineiro, Ricardo Ramory, Ruben Espinoza",Renato Siqueira,"Davi Martins, a commercial director of a financial institution, and Juliana Martins, a personal trainer, are a couple trying to recover from a crisis. At work, Davi ends up getting involved in the investigation of a financial scandal, putting himself in the crosshairs of dangerous people. Little by little, Juliana discovers that her new home may not be a new beginning, but the stage for a real nightmare. Some secrets may end her life.",7.0
Obsessed,Drama,"Song Seung-heon, Lim Ji-yeon, Cho Yeo-jeong",Kim Dae-woo,"A secret, passionate affair happens in the summer of 1969 between Colonel Jin Pyeong, trapped in a loveless marriage with Soo Jin, and Jong Ga Heun, the Chinese-Korean wife of Captain Kyung Woo Jin.",6.683
The Super Mario Bros. Movie,"Family, Comedy, Adventure, Fantasy, Animation","Chris Pratt, Anya Taylor-Joy, Charlie Day","Aaron Horvath, Michael Jelenic","While working underground to fix a water main, Brooklyn plumbers—and brothers—Mario and Luigi are transported down a mysterious pipe and wander into a magical new world. But when the brothers are separated, Mario embarks on an epic quest to find Luigi.",7.602
Dollhouse,"Horror, Mystery","Masami Nagasawa, Koji Seto, Tetsushi Tanaka",Shinobu Yaguchi,"After losing their child, a mother finds solace in a life-sized ancient doll she finds on the market.  When a new daughter enters the family's life, strange things begin to happen and no matter how hard the family tries to get rid of it, the doll always finds its way back.",7.58
28 Years Later: The Bone Temple,"Horror, Thriller, Science Fiction","Ralph Fiennes, Jack O'Connell, Alfie Williams",Nia DaCosta,Dr. Kelson finds himself in a shocking new relationship - with consequences that could change the world as they know it - and Spike's encounter with Jimmy Crystal becomes a nightmare he can't escape.,7.117
Passenger,"Horror, Thriller","Lou Llobell, Jacob Scipio, Melissa Leo",André Øvredal,"After a young couple witnesses a gruesome highway accident, they soon realize they did not leave the crash scene alone, as a demonic presence called the Passenger that won't stop until it claims them both turns their van life adventure into a nightmare.",5.865
Avengers: Endgame,"Adventure, Science Fiction, Action","Robert Downey Jr., Chris Evans, Mark Ruffalo","Anthony Russo, Joe Russo","After the devastating events of Avengers: Infinity War, the universe is in ruins due to the efforts of the Mad Titan, Thanos. With the help of remaining allies, the Avengers must assemble once more in order to undo Thanos' actions and restore order to the universe once and for all, no matter what consequences may be in store.",8.236
Pulp Fiction,"Thriller, Crime, Comedy","John Travolta, Samuel L. Jackson, Uma Thurman",Quentin Tarantino,"A burger-loving hit man, his philosophical partner, a drug-addled gangster's moll and a washed-up boxer converge in this sprawling, comedic crime caper. Their adventures unfurl in three stories that ingeniously trip back and forth in time.",8.484
Masters of the Universe,"Action, Fantasy, Science Fiction","Camila Mendes, Nicholas Galitzine, Alison Brie",Travis Knight,"After being separated for 15 years, the Sword of Power leads Prince Adam back to Eternia, where he discovers his home shattered under the fiendish rule of Skeletor. To save his family and his world, Adam must join forces with his closest allies, Teela and Duncan/Man-At-Arms, and embrace his true destiny as He-Man — the most powerful man in the universe.",9.0
Parasite,"Comedy, Thriller, Drama","Song Kang-ho, Lee Sun-kyun, Cho Yeo-jeong",Bong Joon Ho,"All unemployed, Ki-taek's family takes peculiar interest in the wealthy and glamorous Parks for their livelihood until they get entangled in an unexpected incident.",8.494
The Wrecking Crew,"Action, Comedy, Crime, Mystery","Dave Bautista, Jason Momoa, Temuera Morrison",Ángel Manuel Soto,"Estranged half-brothers Jonny and James reunite after their father's mysterious death. As they search for the truth, buried secrets reveal a conspiracy threatening to tear their family apart.",6.958
Indian Institute of Zombies,"Comedy, Horror","Jessey Lever, Anupriya Goenka, Mohan Kapur","Gaganjeet Singh, Alok Kumar Dwivedi","At an elite engineering campus, students must survive a sudden zombie outbreak while navigating academic pressures and social hierarchies, blending horror with comedy and biting satire of privilege and competition.",0.0
Spirited Away,"Animation, Family, Fantasy","Rumi Hiiragi, Miyu Irino, Mari Natsuki",Hayao Miyazaki,"A young girl, Chihiro, becomes trapped in a strange new world of spirits. When her parents undergo a mysterious transformation, she must call upon the courage she never knew she had to free her family.",8.534
Now You See Me: Now You Don't,"Crime, Thriller","Jesse Eisenberg, Dominic Sessa, Ariana Greenblatt",Ruben Fleischer,"The original Four Horsemen reunite with a new generation of illusionists to take on powerful diamond heiress Veronika Vanderberg, who leads a criminal empire built on money laundering and trafficking. The new and old magicians must overcome their differences to work together on their most ambitious heist yet.",6.503
Top Gun: Maverick,"Action, Drama","Tom Cruise, Miles Teller, Jennifer Connelly",Joseph Kosinski,"After more than thirty years of service as one of the Navy’s top aviators, and dodging the advancement in rank that would ground him, Pete “Maverick” Mitchell finds himself training a detachment of TOP GUN graduates for a specialized mission the likes of which no living pilot has ever seen.",8.158
Michael Jackson: Searching for Neverland,"Drama, TV Movie","Navi, Chad L. Coleman, Sam Adegoke",Dianne Houston,"Based on the best-selling book, Remember the Time: Protecting Michael Jackson in His Final Days, and told through the eyes of Jackson's trusted bodyguards, Bill Whitfield and Javon Beard. The movie will reveal firsthand the devotion Michael Jackson had to his children, and the hidden drama that took place during the last two years of his life.",6.561
Dollhouse,"Horror, Mystery","Masami Nagasawa, Koji Seto, Tetsushi Tanaka",Shinobu Yaguchi,"After losing their child, a mother finds solace in a life-sized ancient doll she finds on the market.  When a new daughter enters the family's life, strange things begin to happen and no matter how hard the family tries to get rid of it, the doll always finds its way back.",7.58
The Mummy,"Adventure, Action, Fantasy","Brendan Fraser, Rachel Weisz, John Hannah",Stephen Sommers,Dashing legionnaire Rick O'Connell stumbles upon the hidden ruins of Hamunaptra while in the midst of a battle to claim the area in 1920s Egypt. It has been over three thousand years since former High Priest Imhotep suffered a fate worse than death as a punishment for a forbidden love—along with a curse that guarantees eternal doom upon the world if he is ever awoken.,6.975
The Wrecking Crew,"Action, Comedy, Crime, Mystery","Dave Bautista, Jason Momoa, Temuera Morrison",Ángel Manuel Soto,"Estranged half-brothers Jonny and James reunite after their father's mysterious death. As they search for the truth, buried secrets reveal a conspiracy threatening to tear their family apart.",6.958
Rape of Love,Drama,"Nathalie Nell, Alain Fourès, Michèle Simonnet",Yannick Bellon,"Nicole, nurse in Grenoble, is raped one night by four men. Deeply scarred, emotionally and physically, she thinks she will never recover from the trauma. Following a friend's advice, she decides to file a lawsuit.",5.6
Now You See Me: Now You Don't,"Crime, Thriller","Jesse Eisenberg, Dominic Sessa, Ariana Greenblatt",Ruben Fleischer,"The original Four Horsemen reunite with a new generation of illusionists to take on powerful diamond heiress Veronika Vanderberg, who leads a criminal empire built on money laundering and trafficking. The new and old magicians must overcome their differences to work together on their most ambitious heist yet.",6.503
Top Gun: Maverick,"Action, Drama","Tom Cruise, Miles Teller, Jennifer Connelly",Joseph Kosinski,"After more than thirty years of service as one of the Navy’s top aviators, and dodging the advancement in rank that would ground him, Pete “Maverick” Mitchell finds himself training a detachment of TOP GUN graduates for a specialized mission the likes of which no living pilot has ever seen.",8.158
Sinners,"Horror, Action, Thriller","Michael B. Jordan, Hailee Steinfeld, Miles Caton",Ryan Coogler,"Trying to leave their troubled lives behind, twin brothers return to their hometown to start again, only to discover that an even greater evil is waiting to welcome them back.",7.49
Forrest Gump,"Comedy, Drama, Romance","Tom Hanks, Robin Wright, Gary Sinise",Robert Zemeckis,"A man with a low IQ has accomplished great things in his life and been present during significant historic events—in each case, far exceeding what anyone imagined he could do. But despite all he has achieved, his one true love eludes him.",8.465
The Drama,"Romance, Comedy, Drama","Zendaya, Robert Pattinson, Mamoudou Athie",Kristoffer Borgli,A happily engaged couple is put to the test when an unexpected turn sends their wedding week off the rails.,6.927
Our Fault,"Romance, Drama","Nicole Wallace, Gabriel Guevara, Gabriela Andrada",Domingo González,"Jenna and Lion's wedding brings about the long-awaited reunion between Noah and Nick after their breakup. Nick's inability to forgive Noah stands as an insurmountable barrier. He, heir to his grandfather's businesses, and she, starting her professional life, resist fueling a flame that's still alive. But now that their paths have crossed again, will love be stronger than resentment?",7.4
Train to Busan,"Horror, Thriller, Action, Adventure","Gong Yoo, Kim Su-an, Jung Yu-mi",Yeon Sang-ho,"When a zombie virus pushes Korea into a state of emergency, those trapped on an express train to Busan must fight for their own survival.",7.748
JUJUTSU KAISEN: Execution,"Animation, Action, Fantasy","Junya Enoki, Megumi Ogata, Koji Yusa",Shota Goshozono,"A veil abruptly descends over the busy Shibuya area amid the bustling Halloween crowds, trapping countless civilians inside. Satoru Gojo, the strongest jujutsu sorcerer, steps into the chaos. But lying in wait are curse users and spirits scheming to seal him away. Yuji Itadori, accompanied by his classmates and other top-tier jujutsu sorcerers, enters the fray in an unprecedented clash of curses — the Shibuya Incident. In the aftermath, ten colonies across Japan are transformed into dens of curses in a plan orchestrated by Noritoshi Kamo. As the deadly Culling Game starts, Special Grade sorcerer Yuta Okkotsu is assigned to carry out Yuji's execution for his perceived crimes. A compilation movie of Shibuya Incident including the first two episodes of the Culling Games arc.",5.975
Avatar,"Science Fiction, Action, Adventure","Sam Worthington, Zoe Saldaña, Sigourney Weaver",James Cameron,"In the 22nd century, a paraplegic Marine is dispatched to the moon Pandora on a unique mission, but becomes torn between following orders and protecting an alien civilization.",7.605
Fifty Shades of Grey,"Drama, Romance, Thriller","Dakota Johnson, Jamie Dornan, Jennifer Ehle",Sam Taylor-Johnson,"When college senior Anastasia Steele steps in for her sick roommate to interview prominent businessman Christian Grey for their campus paper, little does she realize the path her life will take. Christian, as enigmatic as he is rich and powerful, finds himself strangely drawn to Ana, and she to him. Though sexually inexperienced, Ana plunges headlong into an affair -- and learns that Christian's true sexual proclivities push the boundaries of pain and pleasure.",5.869
"""Wuthering Heights""","Romance, Drama","Margot Robbie, Jacob Elordi, Hong Chau",Emerald Fennell,"Tragedy strikes when Heathcliff falls in love with Catherine Earnshaw, a woman from a wealthy family in 18th-century England.",6.639
Shrek,"Animation, Comedy, Fantasy, Adventure, Family","Mike Myers, Eddie Murphy, Cameron Diaz","Andrew Adamson, Vicky Jenson","It ain't easy bein' green -- especially if you're a likable (albeit smelly) ogre named Shrek. On a mission to retrieve a gorgeous princess from the clutches of a fire-breathing dragon, Shrek teams up with an unlikely compatriot -- a wisecracking donkey.",7.8
The Crash,"Documentary, Crime","Mackenzie Shirilla, Dominic Russo, Davion Flanagan",Gareth Johnson,"A teen slams her car into a building, killing her boyfriend and his friend. What seems like a tragic accident becomes a murder case.",6.813
Iron Man 2,"Adventure, Action, Science Fiction","Robert Downey Jr., Gwyneth Paltrow, Don Cheadle",Jon Favreau,"With the world now aware of his dual life as the armored superhero Iron Man, billionaire inventor Tony Stark faces pressure from the government, the press and the public to share his technology with the military. Unwilling to let go of his invention, Stark, with Pepper Potts and James 'Rhodey' Rhodes at his side, must forge new alliances – and confront powerful enemies.",6.853
Spider-Man,"Action, Science Fiction","Tobey Maguire, Willem Dafoe, Kirsten Dunst",Sam Raimi,"After being bitten by a genetically altered spider at Oscorp, nerdy but endearing high school student Peter Parker is endowed with amazing powers to become the superhero known as Spider-Man.",7.3
Sniper: No Nation,"Action, Thriller","Chad Michael Collins, Ryan Robbins, Manuel Rodriguez-Saenz",Trevor Calverley,Brandon Beckett and Agent Zero lead a rescue mission in Costa Verde when their friends are taken hostage.,6.406
Kara,"Crime, Drama, Thriller","Dhanush, Mamitha Baiju, K. S. Ravikumar",Vignesh Raja,"A thief tries to go straight, but when predatory banks trap his father in debt, he returns to crime — with a determined cop closing in on his trail.",6.8
The Furious,"Action, Crime, Thriller","Xie Miao, Joe Taslim, Yang Enyou",Kenji Tanigaki,"After Wang Wei's daughter is kidnapped by a criminal network and he receives no help from the corrupt police, Wei sets out to find her himself. His only ally is Navin, a relentless journalist whose wife has mysteriously disappeared. Fueled by a furious vengeance, the unlikely duo ruthlessly battle the kidnappers in this explosive martial arts showdown.",0.0
Spider-Man: Homecoming,"Action, Adventure, Science Fiction","Tom Holland, Michael Keaton, Robert Downey Jr.",Jon Watts,"Following the events of Captain America: Civil War, Peter Parker, with the help of his mentor Tony Stark, tries to balance his life as an ordinary high school student in Queens, New York City, with fighting crime as his superhero alter ego Spider-Man as a new threat, the Vulture, emerges.",7.33
The Crucifix: Blood of the Exorcist,Horror,"Hannaj Bang Bendz, Dean Kilbey, Nicholas Anscombe",Stephen Roach,"A gruesome discovery in the grounds of their new home plunges a young couple into a maelstrom of spiritual possession, pagan rituals, Viking battles, and violent revenge.",5.491
Omukade,"Horror, Thriller, War","Narilya Gulmongkolpech, James Laver, Yasaka Chaisorn","Chalit Krileadmongkon, Pakphum Wongjinda","Thailand, 1941 — a handful of Japanese soldiers and their prisoners are trapped in a cursed mine. As tensions between enemies reach a breaking point, they are forced to confront a terrifying, ancient monster lurking in the shadows.",5.5
Balls Up,"Comedy, Action, Adventure","Mark Wahlberg, Paul Walter Hauser, Sacha Baron Cohen",Peter Farrelly,"Two marketing executives go ""balls out"" and pitch a bold full‑coverage condom sponsorship with the World Cup. After their drunken celebration in Brazil sparks a global scandal, they must outrun furious fans, criminals, and power-hungry officials to salvage their careers and make it home alive.",5.855
Anaconda,"Adventure, Comedy, Horror","Jack Black, Paul Rudd, Steve Zahn",Tom Gormican,"A group of friends facing mid-life crises head to the rainforest with the intention of remaking their favorite movie from their youth, only to find themselves in a fight for their lives against natural disasters, giant snakes and violent criminals.",5.894
Midnight Matinee,"Horror, Mystery, Thriller, TV Movie","Ron White, Gillian Barber, Jeff Schultz",Richard Martin,"Even though a devastating murder took place during a small town's horror film festival two years earlier, townspeople want another festival.",5.4
Coraline,"Animation, Family, Fantasy","Dakota Fanning, Teri Hatcher, Jennifer Saunders",Henry Selick,"Wandering her rambling old house in her boring new town, 11-year-old Coraline discovers a hidden door to a strangely idealized version of her life. In order to stay in the fantasy, she must make a frighteningly real sacrifice.",7.907
Star Wars,"Adventure, Action, Science Fiction","Mark Hamill, Harrison Ford, Carrie Fisher",George Lucas,Princess Leia is captured and held hostage by the evil Imperial forces in their effort to take over the galactic Empire. Venturesome Luke Skywalker and dashing captain Han Solo team together with the loveable robot duo R2-D2 and C-3PO to rescue the beautiful princess and restore peace and justice in the Empire.,8.205
The Next 365 Days,"Romance, Drama","Anna-Maria Sieklucka, Michele Morrone, Simone Susinna","Barbara Białowąs, Tomasz Mandes",Laura and Massimo's relationship hangs in the balance as they try to overcome trust issues while a tenacious Nacho works to push them apart.,6.4
The Adolescent,Drama,"Simone Signoret, Francis Huster, Laetitia Chauveau",Jeanne Moreau,"In the summer of 1939, 13-year-old Marie goes with her parents to visit her grandparents in a small town near Avignon. Marie discovers her femininity and falls for a young Jewish doctor, but he prefers Eva, Marie's mother.",4.5
The Green Mile,"Fantasy, Drama, Crime","Tom Hanks, David Morse, Bonnie Hunt",Frank Darabont,"A supernatural tale set on death row in a Southern prison, where gentle giant John Coffey possesses the mysterious power to heal people's ailments. When the cell block's head guard, Paul Edgecomb, recognizes Coffey's miraculous gift, he tries desperately to help stave off the condemned man's execution.",8.506
Inside Out 2,"Animation, Adventure, Comedy, Family","Amy Poehler, Maya Hawke, Kensington Tallman",Kelsey Mann,"Teenager Riley's mind headquarters is undergoing a sudden demolition to make room for something entirely unexpected: new Emotions! Joy, Sadness, Anger, Fear and Disgust, who’ve long been running a successful operation by all accounts, aren’t sure how to feel when Anxiety shows up. And it looks like she’s not alone.",7.546
Faces of Death,Horror,"Barbie Ferreira, Dacre Montgomery, Josie Totah",Daniel Goldhaber,"A woman, employed as a website content moderator, comes across a series of violent videos reproducing death scenes from a film.",5.5
The Babysitters,Drama,"John Leguizamo, Katherine Waterston, Cynthia Nixon",David Ross,"Seventeen-year-old Shirley is a good student who works as a babysitter in order to make money for college. One night Michael, a father Shirley works for, confesses he's unhappy with married life. Shirley has a crush on Michael, and seizes this moment to kiss him. Michael is so happy he presents Shirley with a big tip, which gives her an idea. Shirley plans to make extra money by setting up her teenage friends with other unhappy fathers.",6.0
Mission: Impossible - The Final Reckoning,"Action, Thriller, Adventure","Tom Cruise, Hayley Atwell, Ving Rhames",Christopher McQuarrie,"Ethan Hunt and team continue their search for the terrifying AI known as the Entity — which has infiltrated intelligence networks all over the globe — with the world's governments and a mysterious ghost from Hunt's past on their trail. Joined by new allies and armed with the means to shut the Entity down for good, Hunt is in a race against time to prevent the world as we know it from changing forever.",7.162
Pirates of the Caribbean: The Curse of the Black Pearl,"Adventure, Fantasy, Action","Johnny Depp, Geoffrey Rush, Orlando Bloom",Gore Verbinski,"When wily pirate Captain Barbossa seizes Jack Sparrow’s beloved ship, the Black Pearl, and kidnaps the governor’s daughter, Elizabeth Swann, blacksmith Will Turner reluctantly teams up with the unpredictable pirate Jack to rescue her—only to uncover a terrifying curse that turns Barbossa’s crew into the undead.",7.824
The Gorge,"Romance, Science Fiction, Thriller","Miles Teller, Anya Taylor-Joy, Sigourney Weaver",Scott Derrickson,"Two highly trained operatives grow close from a distance after being sent to guard opposite sides of a mysterious gorge. When an evil below emerges, they must work together to survive what lies within.",7.634
Your Name.,"Animation, Romance, Drama","Ryunosuke Kamiki, Mone Kamishiraishi, Ryo Narita",Makoto Shinkai,"High schoolers Mitsuha and Taki are complete strangers living separate lives. But one night, they suddenly switch places. Mitsuha wakes up in Taki’s body, and he in hers. This bizarre occurrence continues to happen randomly, and the two must adjust their lives around each other.",8.479
Fib the Truth,"Drama, Thriller","Darya Melnikova, Evgeny Romantsov, Pavel Priluchnyy",Olga Akatyeva,"A couple in love spends time away from civilization, but the sudden arrivals of the younger sister and then the girl's ex-boyfriend violate the country idyll.",5.772
Superman,"Science Fiction, Adventure, Action","David Corenswet, Rachel Brosnahan, Nicholas Hoult",James Gunn,"Superman, a journalist in Metropolis, embarks on a journey to reconcile his Kryptonian heritage with his human upbringing as Clark Kent.",7.343
Irreversible,"Drama, Thriller, Crime","Monica Bellucci, Vincent Cassel, Albert Dupontel",Gaspar Noé,A woman’s lover and her ex-boyfriend take justice into their own hands after she becomes the victim of a rapist. Because some acts can’t be undone. Because man is an animal. Because the desire for vengeance is a natural impulse. Because most crimes remain unpunished.,7.183
Mother Mary,"Music, Drama, Thriller","Anne Hathaway, Michaela Coel, Hunter Schafer",David Lowery,Long-buried wounds rise to the surface when iconic pop star Mother Mary reunites with her estranged best friend and former costume designer Sam Anselm on the eve of her comeback performance.,5.771
Protector,"Action, Thriller","Milla Jovovich, Matthew Modine, Isabel Myers",Adrian Grünberg,"Nikki's life is shattered when her daughter is kidnapped. Thrust into the criminal underworld while hunted by cops and military, she must fight to rescue her child.",6.3
The Rip,"Action, Thriller, Crime","Matt Damon, Ben Affleck, Teyana Taylor",Joe Carnahan,"Trust frays when a team of Miami cops discovers millions in cash inside a run-down stash house, calling everyone — and everything — into question.",7.071
"My Teacher, My Obsession","Drama, Thriller, TV Movie","Rusty Joiner, Lucy Loken, Laura Bilgeri",Damián Romay,"Riley is struggling to make friends after transferring to a new high school where her father, Chris, is an English teacher. When she meets Kyla, they quickly becomes close friends. However, the friendship takes a strange turn when Riley learns that Kyla is obsessed with her dad. Will Kyla successfully seduce Chris and start a twisted new life with him by removing everyone in her path, or will Riley be able to save her father from Kyla’s treacherous plot before it’s too late?",4.94
A Working Man,"Action, Crime, Thriller","Jason Statham, Jason Flemyng, Merab Ninidze",David Ayer,"Levon Cade left behind a decorated military career in the black ops to live a simple life working construction. But when his boss's daughter, who is like family to him, is taken by human traffickers, his search to bring her home uncovers a world of corruption far greater than he ever could have imagined.",6.687
Fight Club,"Drama, Thriller","Edward Norton, Brad Pitt, Helena Bonham Carter",David Fincher,"A ticking-time-bomb insomniac and a slippery soap salesman channel primal male aggression into a shocking new form of therapy. Their concept catches on, with underground ""fight clubs"" forming in every town, until an eccentric gets in the way and ignites an out-of-control spiral toward oblivion.",8.438
Spider-Man: Across the Spider-Verse,"Animation, Action, Adventure, Science Fiction","Shameik Moore, Hailee Steinfeld, Brian Tyree Henry","Kemp Powers, Justin K. Thompson, Joaquim Dos Santos","After reuniting with Gwen Stacy, Brooklyn’s full-time, friendly neighborhood Spider-Man is catapulted across the Multiverse, where he encounters the Spider Society, a team of Spider-People charged with protecting the Multiverse's very existence. But when the heroes clash on how to handle a new threat, Miles finds himself pitted against the other Spiders and must set out on his own to save those he loves most.",8.335
"Aida, the Movie",Comedy,"Carmen Machi, Paco León, Miren Ibarguren",Paco León,"The film deals with the filming of an episode of the series with storylines that take place both within the fiction with the characters of 'Aída' and outside of it with the actors themselves and their relationships, which reflects on topics such as the limits of comedy, the work of a comedian and fame.",7.321
Malena,Drama,"Monica Bellucci, Giuseppe Sulfaro, Luciano Federico",Giuseppe Tornatore,"12-year-old Renato experiences three significant events on the same day: the beginning of the Second World War, getting a bike, and witnessing the arrival of the gorgeous Malèna. Through his eyes, we see the curse of beauty and loneliness of Malena, whose husband is presumed dead, and, through his soul, we see his love for her.",7.481
Love Insurance Kompany,"Romance, Science Fiction, Comedy","Pradeep Ranganathan, Krithi Shetty, S. J. Suryah",Vignesh Shivan,"In 2040, an app premised on ensuring romance for all is used widely by the population. When the voice behind the app's AI realizes its misconception to true love, he embarks on a quest to prove that love does not come from a screen.",4.75
Oppenheimer,"Drama, History","Cillian Murphy, Emily Blunt, Matt Damon",Christopher Nolan,The story of J. Robert Oppenheimer's role in the development of the atomic bomb during World War II.,8.032
Schindler's List,"Drama, History, War","Liam Neeson, Ben Kingsley, Ralph Fiennes",Steven Spielberg,The true story of how businessman Oskar Schindler saved over a thousand Jewish lives from the Nazis while they worked as slaves in his factory during World War II.,8.568
Toy Story,"Family, Comedy, Animation, Adventure","Tom Hanks, Tim Allen, Don Rickles",John Lasseter,"Led by Woody, Andy's toys live happily in his room until Andy's birthday brings Buzz Lightyear onto the scene. Afraid of losing his place in Andy's heart, Woody plots against Buzz. But when circumstances separate Buzz and Woody from their owner, the duo eventually learns to put aside their differences.",7.975
The Wild Robot,"Family, Animation, Science Fiction, Adventure","Lupita Nyong'o, Pedro Pascal, Kit Connor",Chris Sanders,"After a shipwreck, an intelligent robot called Roz is stranded on an uninhabited island. To survive the harsh environment, Roz bonds with the island's animals and cares for an orphaned baby goose.",8.311
The Godfather Part II,"Drama, Crime","Al Pacino, Robert Duvall, Diane Keaton",Francis Ford Coppola,"In the continuing saga of the Corleone crime family, a young Vito Corleone grows up in Sicily and in 1910s New York. In the 1950s, Michael Corleone attempts to expand the family business into Las Vegas, Hollywood and Cuba.",8.571
Indian Institute of Zombies,"Comedy, Horror","Jessey Lever, Anupriya Goenka, Mohan Kapur","Gaganjeet Singh, Alok Kumar Dwivedi","At an elite engineering campus, students must survive a sudden zombie outbreak while navigating academic pressures and social hierarchies, blending horror with comedy and biting satire of privilege and competition.",0.0
